-- phpMyAdmin SQL Dump
-- version 5.2.0
-- https://www.phpmyadmin.net/
--
-- Хост: 127.0.0.1:3306
-- Время создания: Май 19 2024 г., 19:00
-- Версия сервера: 8.0.30
-- Версия PHP: 7.2.34

SET SQL_MODE = "NO_AUTO_VALUE_ON_ZERO";
START TRANSACTION;
SET time_zone = "+00:00";


/*!40101 SET @OLD_CHARACTER_SET_CLIENT=@@CHARACTER_SET_CLIENT */;
/*!40101 SET @OLD_CHARACTER_SET_RESULTS=@@CHARACTER_SET_RESULTS */;
/*!40101 SET @OLD_COLLATION_CONNECTION=@@COLLATION_CONNECTION */;
/*!40101 SET NAMES utf8mb4 */;

--
-- База данных: `tatktest`
--

-- --------------------------------------------------------

--
-- Структура таблицы `answer`
--

CREATE TABLE `answer` (
  `id_answer` int NOT NULL,
  `id_question` int NOT NULL,
  `id_test` int NOT NULL,
  `id_user` int NOT NULL,
  `answer` text CHARACTER SET utf8mb3 COLLATE utf8mb3_general_ci NOT NULL
) ENGINE=InnoDB DEFAULT CHARSET=utf8mb3;

--
-- Дамп данных таблицы `answer`
--

INSERT INTO `answer` (`id_answer`, `id_question`, `id_test`, `id_user`, `answer`) VALUES
(601, 1, 1, 34, 'Да'),
(602, 2, 1, 34, 'Нет'),
(603, 3, 1, 34, 'Да'),
(604, 4, 1, 34, 'Да'),
(605, 5, 1, 34, 'Да'),
(606, 6, 1, 34, 'Да'),
(607, 7, 1, 34, 'Да'),
(608, 8, 1, 34, 'Да'),
(609, 9, 1, 34, 'Да'),
(610, 10, 1, 34, 'Да'),
(611, 11, 1, 34, 'Да'),
(612, 12, 1, 34, 'Да'),
(613, 13, 1, 34, 'Да'),
(614, 14, 1, 34, 'Да'),
(615, 15, 1, 34, 'Да'),
(616, 16, 1, 34, 'Да'),
(617, 17, 1, 34, 'Да'),
(618, 18, 1, 34, 'Да'),
(619, 19, 1, 34, 'Да'),
(620, 20, 1, 34, 'Да'),
(621, 1, 1, 35, 'Да'),
(622, 2, 1, 35, 'Да'),
(623, 3, 1, 35, 'Да'),
(624, 4, 1, 35, 'Да'),
(625, 5, 1, 35, 'Да'),
(626, 6, 1, 35, 'Да'),
(627, 7, 1, 35, 'Да'),
(628, 8, 1, 35, 'Да'),
(629, 9, 1, 35, 'Да'),
(630, 10, 1, 35, 'Да'),
(631, 11, 1, 35, 'Да'),
(632, 12, 1, 35, 'Да'),
(633, 13, 1, 35, 'Да'),
(634, 14, 1, 35, 'Да'),
(635, 15, 1, 35, 'Да'),
(636, 16, 1, 35, 'Да'),
(637, 17, 1, 35, 'Да'),
(638, 18, 1, 35, 'Да'),
(639, 19, 1, 35, 'Да'),
(640, 20, 1, 35, 'Да'),
(641, 1, 1, 41, 'Да'),
(642, 2, 1, 41, 'Нет'),
(643, 3, 1, 41, 'Да'),
(644, 4, 1, 41, 'Нет'),
(645, 5, 1, 41, 'Да'),
(646, 6, 1, 41, 'Да'),
(647, 7, 1, 41, 'Да'),
(648, 8, 1, 41, 'Нет'),
(649, 9, 1, 41, 'Да'),
(650, 10, 1, 41, 'Нет'),
(651, 11, 1, 41, 'Да'),
(652, 12, 1, 41, 'Нет'),
(653, 13, 1, 41, 'Нет'),
(654, 14, 1, 41, 'Да'),
(655, 15, 1, 41, 'Да'),
(656, 16, 1, 41, 'Нет'),
(657, 17, 1, 41, 'Да'),
(658, 18, 1, 41, 'Нет'),
(659, 19, 1, 41, 'Да'),
(660, 20, 1, 41, 'Нет'),
(661, 1, 1, 42, 'Да'),
(662, 2, 1, 42, 'Да'),
(663, 3, 1, 42, 'Да'),
(664, 4, 1, 42, 'Да'),
(665, 5, 1, 42, 'Да'),
(666, 6, 1, 42, 'Да'),
(667, 7, 1, 42, 'Да'),
(668, 8, 1, 42, 'Да'),
(669, 9, 1, 42, 'Да'),
(670, 10, 1, 42, 'Да'),
(671, 11, 1, 42, 'Да'),
(672, 12, 1, 42, 'Да'),
(673, 13, 1, 42, 'Да'),
(674, 14, 1, 42, 'Да'),
(675, 15, 1, 42, 'Да'),
(676, 16, 1, 42, 'Да'),
(677, 17, 1, 42, 'Да'),
(678, 18, 1, 42, 'Да'),
(679, 19, 1, 42, 'Да'),
(680, 20, 1, 42, 'Да'),
(826, 21, 2, 42, 'Да'),
(827, 22, 2, 42, 'Да'),
(828, 23, 2, 42, 'Да'),
(829, 24, 2, 42, 'Да'),
(830, 25, 2, 42, 'Да'),
(831, 26, 2, 42, 'Да'),
(832, 27, 2, 42, 'Да'),
(833, 28, 2, 42, 'Да'),
(834, 29, 2, 42, 'Да'),
(835, 30, 2, 42, 'Да'),
(836, 31, 2, 42, 'Да'),
(837, 32, 2, 42, 'Да'),
(838, 33, 2, 42, 'Да'),
(839, 34, 2, 42, 'Да'),
(840, 35, 2, 42, 'Да'),
(841, 36, 2, 42, 'Да'),
(842, 37, 2, 42, 'Да'),
(843, 38, 2, 42, 'Да'),
(844, 39, 2, 42, 'Да'),
(845, 40, 2, 42, 'Да'),
(846, 41, 2, 42, 'Да'),
(847, 42, 2, 42, 'Да'),
(848, 43, 2, 42, 'Да'),
(849, 44, 2, 42, 'Да'),
(850, 45, 2, 42, 'Да'),
(851, 46, 2, 42, 'Да'),
(852, 47, 2, 42, 'Да'),
(853, 48, 2, 42, 'Да'),
(854, 49, 2, 42, 'Да'),
(855, 21, 2, 41, 'Да'),
(856, 22, 2, 41, 'Нет'),
(857, 23, 2, 41, 'Да'),
(858, 24, 2, 41, 'Нет'),
(859, 25, 2, 41, 'Да'),
(860, 26, 2, 41, 'Нет'),
(861, 27, 2, 41, 'Да'),
(862, 28, 2, 41, 'Нет'),
(863, 29, 2, 41, 'Да'),
(864, 30, 2, 41, 'Нет'),
(865, 31, 2, 41, 'Да'),
(866, 32, 2, 41, 'Нет'),
(867, 33, 2, 41, 'Да'),
(868, 34, 2, 41, 'Нет'),
(869, 35, 2, 41, 'Да'),
(870, 36, 2, 41, 'Нет'),
(871, 37, 2, 41, 'Да'),
(872, 38, 2, 41, 'Нет'),
(873, 39, 2, 41, 'Да'),
(874, 40, 2, 41, 'Нет'),
(875, 41, 2, 41, 'Да'),
(876, 42, 2, 41, 'Нет'),
(877, 43, 2, 41, 'Да'),
(878, 44, 2, 41, 'Нет'),
(879, 45, 2, 41, 'Да'),
(880, 46, 2, 41, 'Нет'),
(881, 47, 2, 41, 'Да'),
(882, 48, 2, 41, 'Нет'),
(883, 49, 2, 41, 'Да'),
(884, 50, 3, 41, '-2'),
(885, 51, 3, 41, '-2'),
(886, 52, 3, 41, '-3'),
(887, 53, 3, 41, '-2'),
(888, 54, 3, 41, '-3'),
(889, 55, 3, 41, '-3'),
(890, 56, 3, 41, '-3'),
(891, 57, 3, 41, '-3'),
(892, 58, 3, 41, '-3'),
(893, 59, 3, 41, '-3'),
(894, 60, 3, 41, '-3'),
(895, 61, 3, 41, '-3'),
(896, 62, 3, 41, '-3'),
(897, 63, 3, 41, '-3'),
(898, 64, 3, 41, '-3'),
(899, 65, 3, 41, '-3'),
(900, 66, 3, 41, '-3'),
(901, 67, 3, 41, '-3'),
(902, 68, 3, 41, '-3'),
(903, 69, 3, 41, '-3'),
(904, 70, 3, 41, '-3'),
(905, 71, 3, 41, '-3'),
(906, 72, 3, 41, '-3'),
(907, 73, 3, 41, '-3'),
(908, 74, 3, 41, '-3'),
(909, 75, 3, 41, '-3'),
(910, 76, 3, 41, '-3'),
(911, 77, 3, 41, '-3'),
(912, 78, 3, 41, '-3'),
(913, 79, 3, 41, '-3'),
(914, 80, 3, 41, '-3'),
(915, 81, 3, 41, '-3'),
(916, 82, 3, 41, '-3'),
(917, 83, 3, 41, '-3'),
(918, 84, 3, 41, '-3'),
(919, 85, 3, 41, '-3'),
(920, 86, 3, 41, '-3'),
(921, 87, 3, 41, '-3'),
(922, 88, 3, 41, '-3'),
(923, 89, 3, 41, '-3'),
(924, 90, 3, 41, '-3'),
(925, 91, 3, 41, '-3'),
(926, 92, 3, 41, '-3'),
(927, 93, 3, 41, '-3'),
(928, 50, 3, 41, '-2'),
(929, 51, 3, 41, '-2'),
(930, 52, 3, 41, '-3'),
(931, 53, 3, 41, '-2'),
(932, 54, 3, 41, '-3'),
(933, 55, 3, 41, '-3'),
(934, 56, 3, 41, '-3'),
(935, 57, 3, 41, '-3'),
(936, 58, 3, 41, '-3'),
(937, 59, 3, 41, '-3'),
(938, 60, 3, 41, '-3'),
(939, 61, 3, 41, '-3'),
(940, 62, 3, 41, '-3'),
(941, 63, 3, 41, '-3'),
(942, 64, 3, 41, '-3'),
(943, 65, 3, 41, '-3'),
(944, 66, 3, 41, '-3'),
(945, 67, 3, 41, '-3'),
(946, 68, 3, 41, '-3'),
(947, 69, 3, 41, '-3'),
(948, 70, 3, 41, '-3'),
(949, 71, 3, 41, '-3'),
(950, 72, 3, 41, '-3'),
(951, 73, 3, 41, '-3'),
(952, 74, 3, 41, '-3'),
(953, 75, 3, 41, '-3'),
(954, 76, 3, 41, '-3'),
(955, 77, 3, 41, '-3'),
(956, 78, 3, 41, '-3'),
(957, 79, 3, 41, '-3'),
(958, 80, 3, 41, '-3'),
(959, 81, 3, 41, '-3'),
(960, 82, 3, 41, '-3'),
(961, 83, 3, 41, '-3'),
(962, 84, 3, 41, '-3'),
(963, 85, 3, 41, '-3'),
(964, 86, 3, 41, '-3'),
(965, 87, 3, 41, '-3'),
(966, 88, 3, 41, '-3'),
(967, 89, 3, 41, '-3'),
(968, 90, 3, 41, '-3'),
(969, 91, 3, 41, '-3'),
(970, 92, 3, 41, '-3'),
(971, 93, 3, 41, '-3'),
(972, 50, 3, 40, '-3'),
(973, 51, 3, 40, '-3'),
(974, 52, 3, 40, '-3'),
(975, 53, 3, 40, '-3'),
(976, 54, 3, 40, '-3'),
(977, 55, 3, 40, '-3'),
(978, 56, 3, 40, '-3'),
(979, 57, 3, 40, '-3'),
(980, 58, 3, 40, '-3'),
(981, 59, 3, 40, '-3'),
(982, 60, 3, 40, '-3'),
(983, 61, 3, 40, '-3'),
(984, 62, 3, 40, '-3'),
(985, 63, 3, 40, '-3'),
(986, 64, 3, 40, '-3'),
(987, 65, 3, 40, '-3'),
(988, 66, 3, 40, '-3'),
(989, 67, 3, 40, '-3'),
(990, 68, 3, 40, '-3'),
(991, 69, 3, 40, '-3'),
(992, 70, 3, 40, '-3'),
(993, 71, 3, 40, '-3'),
(994, 72, 3, 40, '-3'),
(995, 73, 3, 40, '-3'),
(996, 74, 3, 40, '-3'),
(997, 75, 3, 40, '-3'),
(998, 76, 3, 40, '-3'),
(999, 77, 3, 40, '-3'),
(1000, 78, 3, 40, '-3'),
(1001, 79, 3, 40, '-3'),
(1002, 80, 3, 40, '-3'),
(1003, 81, 3, 40, '-3'),
(1004, 82, 3, 40, '-3'),
(1005, 83, 3, 40, '-3'),
(1006, 84, 3, 40, '-3'),
(1007, 85, 3, 40, '-3'),
(1008, 86, 3, 40, '-3'),
(1009, 87, 3, 40, '-3'),
(1010, 88, 3, 40, '-3'),
(1011, 89, 3, 40, '-3'),
(1012, 90, 3, 40, '-3'),
(1013, 91, 3, 40, '-3'),
(1014, 92, 3, 40, '-3'),
(1015, 93, 3, 40, '-3'),
(1016, 21, 2, 40, 'Да'),
(1017, 22, 2, 40, 'Да'),
(1018, 23, 2, 40, 'Нет'),
(1019, 24, 2, 40, 'Да'),
(1020, 25, 2, 40, 'Нет'),
(1021, 26, 2, 40, 'Нет'),
(1022, 27, 2, 40, 'Нет'),
(1023, 28, 2, 40, 'Нет'),
(1024, 29, 2, 40, 'Нет'),
(1025, 30, 2, 40, 'Нет'),
(1026, 31, 2, 40, 'Нет'),
(1027, 32, 2, 40, 'Нет'),
(1028, 33, 2, 40, 'Нет'),
(1029, 34, 2, 40, 'Нет'),
(1030, 35, 2, 40, 'Нет'),
(1031, 36, 2, 40, 'Нет'),
(1032, 37, 2, 40, 'Нет'),
(1033, 38, 2, 40, 'Нет'),
(1034, 39, 2, 40, 'Да'),
(1035, 40, 2, 40, 'Нет'),
(1036, 41, 2, 40, 'Да'),
(1037, 42, 2, 40, 'Нет'),
(1038, 43, 2, 40, 'Да'),
(1039, 44, 2, 40, 'Да'),
(1040, 45, 2, 40, 'Да'),
(1041, 46, 2, 40, 'Да'),
(1042, 47, 2, 40, 'Да'),
(1043, 48, 2, 40, 'Да'),
(1044, 49, 2, 40, 'Да'),
(1045, 21, 2, 43, 'Да'),
(1046, 22, 2, 43, 'Нет'),
(1047, 23, 2, 43, 'Да'),
(1048, 24, 2, 43, 'Нет'),
(1049, 25, 2, 43, 'Да'),
(1050, 26, 2, 43, 'Да'),
(1051, 27, 2, 43, 'Нет'),
(1052, 28, 2, 43, 'Да'),
(1053, 29, 2, 43, 'Нет'),
(1054, 30, 2, 43, 'Да'),
(1055, 31, 2, 43, 'Нет'),
(1056, 32, 2, 43, 'Да'),
(1057, 33, 2, 43, 'Нет'),
(1058, 34, 2, 43, 'Да'),
(1059, 35, 2, 43, 'Нет'),
(1060, 36, 2, 43, 'Да'),
(1061, 37, 2, 43, 'Нет'),
(1062, 38, 2, 43, 'Да'),
(1063, 39, 2, 43, 'Нет'),
(1064, 40, 2, 43, 'Да'),
(1065, 41, 2, 43, 'Нет'),
(1066, 42, 2, 43, 'Да'),
(1067, 43, 2, 43, 'Нет'),
(1068, 44, 2, 43, 'Да'),
(1069, 45, 2, 43, 'Нет'),
(1070, 46, 2, 43, 'Да'),
(1071, 47, 2, 43, 'Нет'),
(1072, 48, 2, 43, 'Да'),
(1073, 49, 2, 43, 'Нет'),
(1074, 21, 2, 43, 'Да'),
(1075, 22, 2, 43, 'Да'),
(1076, 23, 2, 43, 'Да'),
(1077, 24, 2, 43, 'Да'),
(1078, 25, 2, 43, 'Да'),
(1079, 26, 2, 43, 'Да'),
(1080, 27, 2, 43, 'Да'),
(1081, 28, 2, 43, 'Да'),
(1082, 29, 2, 43, 'Да'),
(1083, 30, 2, 43, 'Да'),
(1084, 31, 2, 43, 'Да'),
(1085, 32, 2, 43, 'Да'),
(1086, 33, 2, 43, 'Да'),
(1087, 34, 2, 43, 'Да'),
(1088, 35, 2, 43, 'Да'),
(1089, 36, 2, 43, 'Да'),
(1090, 37, 2, 43, 'Да'),
(1091, 38, 2, 43, 'Да'),
(1092, 39, 2, 43, 'Да'),
(1093, 40, 2, 43, 'Да'),
(1094, 41, 2, 43, 'Да'),
(1095, 42, 2, 43, 'Да'),
(1096, 43, 2, 43, 'Да'),
(1097, 44, 2, 43, 'Да'),
(1098, 45, 2, 43, 'Да'),
(1099, 46, 2, 43, 'Да'),
(1100, 47, 2, 43, 'Да'),
(1101, 48, 2, 43, 'Да'),
(1102, 49, 2, 43, 'Да'),
(1103, 21, 2, 43, 'Да'),
(1104, 22, 2, 43, 'Да'),
(1105, 23, 2, 43, 'Да'),
(1106, 24, 2, 43, 'Да'),
(1107, 25, 2, 43, 'Да'),
(1108, 26, 2, 43, 'Да'),
(1109, 27, 2, 43, 'Да'),
(1110, 28, 2, 43, 'Да'),
(1111, 29, 2, 43, 'Да'),
(1112, 30, 2, 43, 'Да'),
(1113, 31, 2, 43, 'Да'),
(1114, 32, 2, 43, 'Да'),
(1115, 33, 2, 43, 'Да'),
(1116, 34, 2, 43, 'Да'),
(1117, 35, 2, 43, 'Да'),
(1118, 36, 2, 43, 'Да'),
(1119, 37, 2, 43, 'Да'),
(1120, 38, 2, 43, 'Да'),
(1121, 39, 2, 43, 'Да'),
(1122, 40, 2, 43, 'Да'),
(1123, 41, 2, 43, 'Да'),
(1124, 42, 2, 43, 'Да'),
(1125, 43, 2, 43, 'Да'),
(1126, 44, 2, 43, 'Да'),
(1127, 45, 2, 43, 'Да'),
(1128, 46, 2, 43, 'Да'),
(1129, 47, 2, 43, 'Да'),
(1130, 48, 2, 43, 'Да'),
(1131, 49, 2, 43, 'Да'),
(1132, 21, 2, 43, 'Да'),
(1133, 22, 2, 43, 'Да'),
(1134, 23, 2, 43, 'Да'),
(1135, 24, 2, 43, 'Да'),
(1136, 25, 2, 43, 'Да'),
(1137, 26, 2, 43, 'Да'),
(1138, 27, 2, 43, 'Да'),
(1139, 28, 2, 43, 'Да'),
(1140, 29, 2, 43, 'Да'),
(1141, 30, 2, 43, 'Да'),
(1142, 31, 2, 43, 'Да'),
(1143, 32, 2, 43, 'Да'),
(1144, 33, 2, 43, 'Да'),
(1145, 34, 2, 43, 'Нет'),
(1146, 35, 2, 43, 'Да'),
(1147, 36, 2, 43, 'Нет'),
(1148, 37, 2, 43, 'Да'),
(1149, 38, 2, 43, 'Нет'),
(1150, 39, 2, 43, 'Да'),
(1151, 40, 2, 43, 'Нет'),
(1152, 41, 2, 43, 'Да'),
(1153, 42, 2, 43, 'Нет'),
(1154, 43, 2, 43, 'Да'),
(1155, 44, 2, 43, 'Нет'),
(1156, 45, 2, 43, 'Да'),
(1157, 46, 2, 43, 'Да'),
(1158, 47, 2, 43, 'Да'),
(1159, 48, 2, 43, 'Нет'),
(1160, 49, 2, 43, 'Да'),
(1161, 21, 2, 43, 'Да'),
(1162, 22, 2, 43, 'Да'),
(1163, 23, 2, 43, 'Да'),
(1164, 24, 2, 43, 'Да'),
(1165, 25, 2, 43, 'Да'),
(1166, 26, 2, 43, 'Да'),
(1167, 27, 2, 43, 'Да'),
(1168, 28, 2, 43, 'Да'),
(1169, 29, 2, 43, 'Да'),
(1170, 30, 2, 43, 'Да'),
(1171, 31, 2, 43, 'Да'),
(1172, 32, 2, 43, 'Да'),
(1173, 33, 2, 43, 'Да'),
(1174, 34, 2, 43, 'Нет'),
(1175, 35, 2, 43, 'Да'),
(1176, 36, 2, 43, 'Нет'),
(1177, 37, 2, 43, 'Да'),
(1178, 38, 2, 43, 'Нет'),
(1179, 39, 2, 43, 'Да'),
(1180, 40, 2, 43, 'Нет'),
(1181, 41, 2, 43, 'Да'),
(1182, 42, 2, 43, 'Нет'),
(1183, 43, 2, 43, 'Да'),
(1184, 44, 2, 43, 'Нет'),
(1185, 45, 2, 43, 'Да'),
(1186, 46, 2, 43, 'Да'),
(1187, 47, 2, 43, 'Да'),
(1188, 48, 2, 43, 'Нет'),
(1189, 49, 2, 43, 'Да'),
(1190, 50, 3, 42, '-3'),
(1191, 51, 3, 42, '-3'),
(1192, 52, 3, 42, '-3'),
(1193, 53, 3, 42, '-3'),
(1194, 54, 3, 42, '-3'),
(1195, 55, 3, 42, '-3'),
(1196, 56, 3, 42, '-3'),
(1197, 57, 3, 42, '-3'),
(1198, 58, 3, 42, '-3'),
(1199, 59, 3, 42, '-3'),
(1200, 60, 3, 42, '-3'),
(1201, 61, 3, 42, '-3'),
(1202, 62, 3, 42, '-3'),
(1203, 63, 3, 42, '-3'),
(1204, 64, 3, 42, '-3'),
(1205, 65, 3, 42, '-3'),
(1206, 66, 3, 42, '-3'),
(1207, 67, 3, 42, '-3'),
(1208, 68, 3, 42, '-3'),
(1209, 69, 3, 42, '-3'),
(1210, 70, 3, 42, '-3'),
(1211, 71, 3, 42, '-3'),
(1212, 72, 3, 42, '-3'),
(1213, 73, 3, 42, '-3'),
(1214, 74, 3, 42, '-3'),
(1215, 75, 3, 42, '-3'),
(1216, 76, 3, 42, '-3'),
(1217, 77, 3, 42, '-3'),
(1218, 78, 3, 42, '-3'),
(1219, 79, 3, 42, '-3'),
(1220, 80, 3, 42, '-3'),
(1221, 81, 3, 42, '-3'),
(1222, 82, 3, 42, '-3'),
(1223, 83, 3, 42, '-3'),
(1224, 84, 3, 42, '-3'),
(1225, 85, 3, 42, '-3'),
(1226, 86, 3, 42, '-3'),
(1227, 87, 3, 42, '-3'),
(1228, 88, 3, 42, '-3'),
(1229, 89, 3, 42, '-3'),
(1230, 90, 3, 42, '-3'),
(1231, 91, 3, 42, '-3'),
(1232, 92, 3, 42, '-3'),
(1233, 93, 3, 42, '-3'),
(1234, 94, 4, 42, 'Да'),
(1235, 95, 4, 42, 'Да'),
(1236, 96, 4, 42, 'Да'),
(1237, 97, 4, 42, 'Да'),
(1238, 98, 4, 42, 'Да'),
(1239, 99, 4, 42, 'Да'),
(1240, 100, 4, 42, 'Да'),
(1241, 101, 4, 42, 'Да'),
(1242, 102, 4, 42, 'Да'),
(1243, 103, 4, 42, 'Да'),
(1244, 104, 4, 42, 'Да'),
(1245, 105, 4, 42, 'Да'),
(1246, 106, 4, 42, 'Да'),
(1247, 107, 4, 42, 'Да'),
(1248, 108, 4, 42, 'Да'),
(1249, 109, 4, 42, 'Да'),
(1250, 110, 4, 42, 'Да'),
(1251, 111, 4, 42, 'Да'),
(1252, 112, 4, 42, 'Да'),
(1253, 113, 4, 42, 'Да'),
(1254, 114, 4, 42, 'Да'),
(1255, 115, 4, 42, 'Да'),
(1256, 116, 4, 42, 'Да'),
(1257, 117, 4, 42, 'Да'),
(1258, 118, 4, 42, 'Да'),
(1259, 119, 4, 42, 'Да'),
(1260, 120, 4, 42, 'Да'),
(1261, 121, 4, 42, 'Да'),
(1262, 122, 4, 42, 'Да'),
(1263, 123, 4, 42, 'Да'),
(1264, 124, 4, 42, 'Да'),
(1265, 125, 4, 42, 'Да'),
(1266, 126, 4, 42, 'Да'),
(1267, 127, 4, 42, 'Да'),
(1268, 128, 4, 42, 'Да'),
(1269, 129, 4, 42, 'Да'),
(1270, 130, 4, 42, 'Да'),
(1271, 131, 4, 42, 'Да'),
(1272, 132, 4, 42, 'Да'),
(1273, 133, 4, 42, 'Да'),
(1274, 134, 4, 42, 'Да'),
(1275, 135, 4, 42, 'Да'),
(1276, 136, 4, 42, 'Да'),
(1277, 137, 4, 42, 'Да'),
(1278, 138, 4, 42, 'Да'),
(1279, 139, 4, 42, 'Да'),
(1280, 140, 4, 42, 'Да'),
(1281, 141, 4, 42, 'Да'),
(1282, 142, 4, 42, 'Да'),
(1283, 143, 4, 42, 'Да'),
(1284, 144, 4, 42, 'Да'),
(1285, 145, 4, 42, 'Да'),
(1286, 146, 4, 42, 'Да'),
(1287, 147, 4, 42, 'Да'),
(1288, 148, 4, 42, 'Да'),
(1289, 149, 4, 42, 'Да'),
(1290, 150, 4, 42, 'Да'),
(1291, 151, 4, 42, 'Да'),
(1292, 152, 4, 42, 'Да'),
(1293, 153, 4, 42, 'Да'),
(1294, 154, 4, 42, 'Да'),
(1295, 155, 4, 42, 'Да'),
(1296, 156, 4, 42, 'Да'),
(1297, 157, 4, 42, 'Да'),
(1298, 158, 4, 42, 'Да'),
(1299, 159, 4, 42, 'Да'),
(1300, 160, 4, 42, 'Да'),
(1301, 161, 4, 42, 'Да'),
(1302, 162, 4, 42, 'Да'),
(1303, 163, 4, 42, 'Да'),
(1304, 164, 4, 42, 'Да'),
(1305, 165, 4, 42, 'Да'),
(1306, 166, 4, 42, 'Да'),
(1307, 167, 4, 42, 'Да'),
(1308, 168, 4, 42, 'Да'),
(1309, 94, 4, 43, 'Нет'),
(1310, 95, 4, 43, 'Нет'),
(1311, 96, 4, 43, 'Да'),
(1312, 97, 4, 43, 'Нет'),
(1313, 98, 4, 43, 'Нет'),
(1314, 99, 4, 43, 'Нет'),
(1315, 100, 4, 43, 'Да'),
(1316, 101, 4, 43, 'Нет'),
(1317, 102, 4, 43, 'Нет'),
(1318, 103, 4, 43, 'Нет'),
(1319, 104, 4, 43, 'Да'),
(1320, 105, 4, 43, 'Нет'),
(1321, 106, 4, 43, 'Нет'),
(1322, 107, 4, 43, 'Нет'),
(1323, 108, 4, 43, 'Да'),
(1324, 109, 4, 43, 'Нет'),
(1325, 110, 4, 43, 'Нет'),
(1326, 111, 4, 43, 'Нет'),
(1327, 112, 4, 43, 'Да'),
(1328, 113, 4, 43, 'Нет'),
(1329, 114, 4, 43, 'Нет'),
(1330, 115, 4, 43, 'Нет'),
(1331, 116, 4, 43, 'Да'),
(1332, 117, 4, 43, 'Нет'),
(1333, 118, 4, 43, 'Нет'),
(1334, 119, 4, 43, 'Нет'),
(1335, 120, 4, 43, 'Да'),
(1336, 121, 4, 43, 'Нет'),
(1337, 122, 4, 43, 'Нет'),
(1338, 123, 4, 43, 'Нет'),
(1339, 124, 4, 43, 'Да'),
(1340, 125, 4, 43, 'Нет'),
(1341, 126, 4, 43, 'Нет'),
(1342, 127, 4, 43, 'Нет'),
(1343, 128, 4, 43, 'Да'),
(1344, 129, 4, 43, 'Нет'),
(1345, 130, 4, 43, 'Нет'),
(1346, 131, 4, 43, 'Нет'),
(1347, 132, 4, 43, 'Да'),
(1348, 133, 4, 43, 'Нет'),
(1349, 134, 4, 43, 'Нет'),
(1350, 135, 4, 43, 'Нет'),
(1351, 136, 4, 43, 'Да'),
(1352, 137, 4, 43, 'Нет'),
(1353, 138, 4, 43, 'Нет'),
(1354, 139, 4, 43, 'Нет'),
(1355, 140, 4, 43, 'Да'),
(1356, 141, 4, 43, 'Нет'),
(1357, 142, 4, 43, 'Нет'),
(1358, 143, 4, 43, 'Нет'),
(1359, 144, 4, 43, 'Да'),
(1360, 145, 4, 43, 'Нет'),
(1361, 146, 4, 43, 'Нет'),
(1362, 147, 4, 43, 'Нет'),
(1363, 148, 4, 43, 'Да'),
(1364, 149, 4, 43, 'Нет'),
(1365, 150, 4, 43, 'Нет'),
(1366, 151, 4, 43, 'Нет'),
(1367, 152, 4, 43, 'Да'),
(1368, 153, 4, 43, 'Нет'),
(1369, 154, 4, 43, 'Нет'),
(1370, 155, 4, 43, 'Нет'),
(1371, 156, 4, 43, 'Да'),
(1372, 157, 4, 43, 'Нет'),
(1373, 158, 4, 43, 'Нет'),
(1374, 159, 4, 43, 'Нет'),
(1375, 160, 4, 43, 'Да'),
(1376, 161, 4, 43, 'Нет'),
(1377, 162, 4, 43, 'Нет'),
(1378, 163, 4, 43, 'Нет'),
(1379, 164, 4, 43, 'Да'),
(1380, 165, 4, 43, 'Нет'),
(1381, 166, 4, 43, 'Нет'),
(1382, 167, 4, 43, 'Нет'),
(1383, 168, 4, 43, 'Да'),
(1384, 169, 5, 43, 'Да'),
(1385, 170, 5, 43, 'Да'),
(1386, 171, 5, 43, 'Да'),
(1387, 172, 5, 43, 'Да'),
(1388, 173, 5, 43, 'Да'),
(1389, 174, 5, 43, 'Да'),
(1390, 175, 5, 43, 'Да'),
(1391, 176, 5, 43, 'Да'),
(1392, 177, 5, 43, 'Да'),
(1393, 178, 5, 43, 'Да'),
(1394, 179, 5, 43, 'Да'),
(1395, 180, 5, 43, 'Да'),
(1396, 181, 5, 43, 'Да'),
(1397, 182, 5, 43, 'Нет'),
(1398, 183, 5, 43, 'Нет'),
(1399, 184, 5, 43, 'Нет'),
(1400, 185, 5, 43, 'Да'),
(1401, 186, 5, 43, 'Да'),
(1402, 187, 5, 43, 'Да'),
(1403, 188, 5, 43, 'Да'),
(1404, 189, 5, 43, 'Да'),
(1405, 190, 5, 43, 'Да'),
(1406, 191, 5, 43, 'Да'),
(1407, 192, 5, 43, 'Да'),
(1408, 193, 5, 43, 'Нет'),
(1409, 194, 5, 43, 'Нет'),
(1410, 195, 5, 43, 'Да'),
(1411, 196, 5, 43, 'Да'),
(1412, 197, 5, 43, 'Да'),
(1413, 198, 5, 43, 'Нет'),
(1414, 199, 5, 43, 'Нет'),
(1415, 200, 5, 43, 'Да'),
(1416, 201, 5, 43, 'Нет'),
(1417, 202, 5, 43, 'Нет'),
(1418, 203, 5, 43, 'Да'),
(1419, 204, 5, 43, 'Да'),
(1420, 205, 5, 43, 'Да'),
(1421, 206, 5, 43, 'Да'),
(1422, 207, 5, 43, 'Да'),
(1423, 208, 5, 43, 'Нет'),
(1424, 209, 5, 43, 'Нет'),
(1425, 210, 5, 43, 'Да'),
(1426, 211, 5, 43, 'Нет'),
(1427, 212, 5, 43, 'Нет'),
(1428, 213, 5, 43, 'Да'),
(1429, 214, 5, 43, 'Нет'),
(1430, 215, 5, 43, 'Нет'),
(1431, 216, 5, 43, 'Да'),
(1432, 217, 5, 43, 'Нет'),
(1433, 218, 5, 43, 'Да'),
(1434, 219, 5, 43, 'Нет'),
(1435, 220, 5, 43, 'Нет'),
(1436, 221, 5, 43, 'Да'),
(1437, 222, 5, 43, 'Нет'),
(1438, 223, 5, 43, 'Да'),
(1439, 224, 5, 43, 'Да'),
(1440, 225, 5, 43, 'Нет'),
(1441, 226, 5, 43, 'Да'),
(1442, 227, 5, 43, 'Да'),
(1443, 228, 5, 43, 'Да'),
(1444, 229, 5, 43, 'Нет'),
(1445, 230, 5, 43, 'Да'),
(1446, 231, 5, 43, 'Да'),
(1447, 232, 5, 43, 'Да'),
(1448, 233, 5, 43, 'Да'),
(1449, 234, 5, 43, 'Да'),
(1450, 235, 5, 43, 'Нет'),
(1451, 236, 5, 43, 'Нет'),
(1452, 237, 5, 43, 'Нет'),
(1453, 238, 5, 43, 'Да'),
(1454, 239, 5, 43, 'Нет'),
(1455, 240, 5, 43, 'Да'),
(1456, 241, 5, 43, 'Нет'),
(1457, 242, 5, 43, 'Да'),
(1458, 243, 5, 43, 'Нет'),
(1459, 244, 5, 43, 'Да'),
(1460, 245, 5, 43, 'Нет'),
(1461, 246, 5, 43, 'Нет'),
(1462, 247, 5, 43, 'Нет'),
(1463, 248, 5, 43, 'Нет'),
(1464, 169, 5, 41, 'Да'),
(1465, 170, 5, 41, 'Нет'),
(1466, 171, 5, 41, 'Да'),
(1467, 172, 5, 41, 'Нет'),
(1468, 173, 5, 41, 'Да'),
(1469, 174, 5, 41, 'Нет'),
(1470, 175, 5, 41, 'Да'),
(1471, 176, 5, 41, 'Нет'),
(1472, 177, 5, 41, 'Да'),
(1473, 178, 5, 41, 'Нет'),
(1474, 179, 5, 41, 'Да'),
(1475, 180, 5, 41, 'Нет'),
(1476, 181, 5, 41, 'Да'),
(1477, 182, 5, 41, 'Нет'),
(1478, 183, 5, 41, 'Да'),
(1479, 184, 5, 41, 'Нет'),
(1480, 185, 5, 41, 'Да'),
(1481, 186, 5, 41, 'Нет'),
(1482, 187, 5, 41, 'Да'),
(1483, 188, 5, 41, 'Нет'),
(1484, 189, 5, 41, 'Да'),
(1485, 190, 5, 41, 'Нет'),
(1486, 191, 5, 41, 'Да'),
(1487, 192, 5, 41, 'Нет'),
(1488, 193, 5, 41, 'Да'),
(1489, 194, 5, 41, 'Нет'),
(1490, 195, 5, 41, 'Да'),
(1491, 196, 5, 41, 'Нет'),
(1492, 197, 5, 41, 'Да'),
(1493, 198, 5, 41, 'Нет'),
(1494, 199, 5, 41, 'Да'),
(1495, 200, 5, 41, 'Нет'),
(1496, 201, 5, 41, 'Да'),
(1497, 202, 5, 41, 'Нет'),
(1498, 203, 5, 41, 'Да'),
(1499, 204, 5, 41, 'Нет'),
(1500, 205, 5, 41, 'Да'),
(1501, 206, 5, 41, 'Нет'),
(1502, 207, 5, 41, 'Да'),
(1503, 208, 5, 41, 'Нет'),
(1504, 209, 5, 41, 'Да'),
(1505, 210, 5, 41, 'Нет'),
(1506, 211, 5, 41, 'Да'),
(1507, 212, 5, 41, 'Нет'),
(1508, 213, 5, 41, 'Да'),
(1509, 214, 5, 41, 'Нет'),
(1510, 215, 5, 41, 'Да'),
(1511, 216, 5, 41, 'Нет'),
(1512, 217, 5, 41, 'Да'),
(1513, 218, 5, 41, 'Нет'),
(1514, 219, 5, 41, 'Да'),
(1515, 220, 5, 41, 'Нет'),
(1516, 221, 5, 41, 'Да'),
(1517, 222, 5, 41, 'Нет'),
(1518, 223, 5, 41, 'Да'),
(1519, 224, 5, 41, 'Нет'),
(1520, 225, 5, 41, 'Да'),
(1521, 226, 5, 41, 'Нет'),
(1522, 227, 5, 41, 'Да'),
(1523, 228, 5, 41, 'Нет'),
(1524, 229, 5, 41, 'Да'),
(1525, 230, 5, 41, 'Нет'),
(1526, 231, 5, 41, 'Да'),
(1527, 232, 5, 41, 'Нет'),
(1528, 233, 5, 41, 'Да'),
(1529, 234, 5, 41, 'Нет'),
(1530, 235, 5, 41, 'Да'),
(1531, 236, 5, 41, 'Нет'),
(1532, 237, 5, 41, 'Да'),
(1533, 238, 5, 41, 'Нет'),
(1534, 239, 5, 41, 'Да'),
(1535, 240, 5, 41, 'Нет'),
(1536, 241, 5, 41, 'Да'),
(1537, 242, 5, 41, 'Нет'),
(1538, 243, 5, 41, 'Да'),
(1539, 244, 5, 41, 'Нет'),
(1540, 245, 5, 41, 'Да'),
(1541, 246, 5, 41, 'Нет'),
(1542, 247, 5, 41, 'Да'),
(1543, 248, 5, 41, 'Нет'),
(1544, 169, 5, 42, 'Да'),
(1545, 170, 5, 42, 'Да'),
(1546, 171, 5, 42, 'Да'),
(1547, 172, 5, 42, 'Да'),
(1548, 173, 5, 42, 'Да'),
(1549, 174, 5, 42, 'Да'),
(1550, 175, 5, 42, 'Да'),
(1551, 176, 5, 42, 'Да'),
(1552, 177, 5, 42, 'Да'),
(1553, 178, 5, 42, 'Да'),
(1554, 179, 5, 42, 'Да'),
(1555, 180, 5, 42, 'Да'),
(1556, 181, 5, 42, 'Да'),
(1557, 182, 5, 42, 'Да'),
(1558, 183, 5, 42, 'Да'),
(1559, 184, 5, 42, 'Да'),
(1560, 185, 5, 42, 'Да'),
(1561, 186, 5, 42, 'Да'),
(1562, 187, 5, 42, 'Да'),
(1563, 188, 5, 42, 'Да'),
(1564, 189, 5, 42, 'Да'),
(1565, 190, 5, 42, 'Да'),
(1566, 191, 5, 42, 'Да'),
(1567, 192, 5, 42, 'Да'),
(1568, 193, 5, 42, 'Да'),
(1569, 194, 5, 42, 'Да'),
(1570, 195, 5, 42, 'Да'),
(1571, 196, 5, 42, 'Да'),
(1572, 197, 5, 42, 'Да'),
(1573, 198, 5, 42, 'Да'),
(1574, 199, 5, 42, 'Да'),
(1575, 200, 5, 42, ''),
(1576, 201, 5, 42, 'Да'),
(1577, 202, 5, 42, 'Да'),
(1578, 203, 5, 42, 'Да'),
(1579, 204, 5, 42, 'Да'),
(1580, 205, 5, 42, 'Да'),
(1581, 206, 5, 42, 'Да'),
(1582, 207, 5, 42, 'Да'),
(1583, 208, 5, 42, 'Да'),
(1584, 209, 5, 42, 'Да'),
(1585, 210, 5, 42, 'Да'),
(1586, 211, 5, 42, 'Да'),
(1587, 212, 5, 42, 'Да'),
(1588, 213, 5, 42, 'Да'),
(1589, 214, 5, 42, 'Да'),
(1590, 215, 5, 42, 'Да'),
(1591, 216, 5, 42, 'Да'),
(1592, 217, 5, 42, 'Да'),
(1593, 218, 5, 42, 'Да'),
(1594, 219, 5, 42, 'Да'),
(1595, 220, 5, 42, 'Да'),
(1596, 221, 5, 42, 'Да'),
(1597, 222, 5, 42, 'Да'),
(1598, 223, 5, 42, 'Да'),
(1599, 224, 5, 42, 'Да'),
(1600, 225, 5, 42, 'Да'),
(1601, 226, 5, 42, 'Да'),
(1602, 227, 5, 42, 'Да'),
(1603, 228, 5, 42, 'Да'),
(1604, 229, 5, 42, 'Да'),
(1605, 230, 5, 42, 'Да'),
(1606, 231, 5, 42, 'Да'),
(1607, 232, 5, 42, 'Да'),
(1608, 233, 5, 42, 'Да'),
(1609, 234, 5, 42, 'Да'),
(1610, 235, 5, 42, 'Да'),
(1611, 236, 5, 42, 'Да'),
(1612, 237, 5, 42, 'Да'),
(1613, 238, 5, 42, 'Да'),
(1614, 239, 5, 42, 'Да'),
(1615, 240, 5, 42, 'Да'),
(1616, 241, 5, 42, 'Да'),
(1617, 242, 5, 42, 'Да'),
(1618, 243, 5, 42, 'Да'),
(1619, 244, 5, 42, 'Да'),
(1620, 245, 5, 42, 'Да'),
(1621, 246, 5, 42, 'Да'),
(1622, 247, 5, 42, 'Да'),
(1623, 248, 5, 42, 'Да');

-- --------------------------------------------------------

--
-- Структура таблицы `question`
--

CREATE TABLE `question` (
  `id_question` int NOT NULL,
  `id_test` int NOT NULL,
  `num_question` int NOT NULL,
  `question` text CHARACTER SET utf8mb3 COLLATE utf8mb3_general_ci NOT NULL
) ENGINE=InnoDB DEFAULT CHARSET=utf8mb3;

--
-- Дамп данных таблицы `question`
--

INSERT INTO `question` (`id_question`, `id_test`, `num_question`, `question`) VALUES
(1, 1, 1, 'Порядочный человек должен работать над собой, что бы стать как можно лучше. Он рад советам, как можно этого достичь. Ведь сам он не в состоянии себя оценить.'),
(2, 1, 2, 'Решения взрослого человека должны быть логичными.'),
(3, 1, 3, 'Человек имеет полное право сам судить о своих взглядах и своём поведении, но вместе с тем он несет ответственность за то, что делает.'),
(4, 1, 4, 'Право каждого человека самому решить, насколько он ответственен за проблемы и благо других людей.'),
(5, 1, 5, 'Если кто-либо совершает ошибки, то дела его плохи. Другие должны помогать ему, опекая и говоря, в чем он ошибается.'),
(6, 1, 6, 'Зрелый и психически здоровый человек знает себя, то есть ему известны мотивы действий.'),
(7, 1, 7, 'Если человек совершил нечто такое, что не понравилось другим людям, он должен им объяснить, почему он так поступил и каковы были его цели.'),
(8, 1, 8, 'Зрелый человек отвечает не только за себя, но и за других, и ради блага ближнего иногда нужно жертвовать собственными благами, интересами и ценностями.'),
(9, 1, 9, 'Никто не может заглянуть другому человеку в желудок, тем более — в душу. Если не понимаешь, чего от тебя хотят, то разумнее всего сказать: «Я не понимаю».'),
(10, 1, 10, 'К людям нужно относиться хорошо, поэтому мы должны стремиться иметь добрые отношения со всеми, с кем вступаем в контакт.'),
(11, 1, 11, 'Каждый человек вправе менять свои взгляды. Это нормально.'),
(12, 1, 12, 'Для того чтобы отношения с другими людьми складывались наилучшим образом, всегда следует объяснять, мотивировать и отстаивать то, почему мы ведем себя именнотак, а не каким-либо другим образом.'),
(13, 1, 13, 'Каждый человек имеет право на ошибку, хотя и должен отвечать за ее последствия. Но ошибка — это просто ошибка, не более того.'),
(14, 1, 14, 'Если человек на что-либо решился или во что-нибудь поверил, ему стоит этого придерживаться. Несерьезно менять свои взгляды в зависимости от случайности.'),
(15, 1, 15, 'Человек имеет право на нелогичные решения.'),
(16, 1, 16, 'В социальном плане успешен тот, кто способен чувствовать других людей, умеет предвидеть их желания и потребности, ему не нужно все разжевывать и класть в рот.'),
(17, 1, 17, 'Бывают минуты, когда можно сказать: «Меня это не волнует!», даже если другие убеждают в том, будто отказ от выполнения чего-либо означает лень и безответственность с моей стороны.'),
(18, 1, 18, 'Бывают ситуации, когда мы не можем ответить, почему поступили так, а не иначе. Тогда лучше всего сказать: «Я не знаю».'),
(19, 1, 19, 'Наше поведение не должно нравиться всем тем, с кем мы вступаем в контакт и с кем нам нужно договориться. Каждый человек имеет право не зависеть от доброй воли других.'),
(20, 1, 20, 'Порядочный человек действует с оглядкой на социальные нормы и мнения авторитетов, потому что нормы служат основой общественного согласия, а авторитет является таковым именно потому, что он мудр.'),
(21, 2, 1, 'Вы всё чувствуете острее, чем большинство людей.'),
(22, 2, 2, 'Вас часто одолевают мрачные мысли.'),
(23, 2, 3, 'Теперь Вы уже не надеетесь добиться желаемого положения в жизни.'),
(24, 2, 4, 'В случае неудачи Вам трудно начать новое дело.'),
(25, 2, 5, 'Вам определённо не везёт в жизни.'),
(26, 2, 6, 'Учиться Вам стало труднее, чем раньше.'),
(27, 2, 7, 'Большинство людей довольны жизнью больше, чем Вы.'),
(28, 2, 8, 'Вы считаете, что смерть является искуплением грехов.'),
(29, 2, 9, 'Только зрелый человек может принять решение уйти из жизни.'),
(30, 2, 10, 'Временами у Вас бывают приступы неудержимого смеха или плача.'),
(31, 2, 11, 'Обычно Вы осторожны с людьми, которые относятся к Вам дружелюбнее, чем вы ожидали.'),
(32, 2, 12, 'Вы считаете себя обречённым человеком.'),
(33, 2, 13, 'Мало кто искренне пытается помочь другим, если это связанно с неудобствами.'),
(34, 2, 14, 'У Вас такое впечатление, что Вас никто не понимает.'),
(35, 2, 15, 'Человек, который водит других в соблазн, оставляя без присмотра ценное имущество, виноват примерно столько же, сколько и тот, кто  это имущество похищает.'),
(36, 2, 16, 'В Вашей жизни не было таких неудач, когда казалось, что всё кончено.'),
(37, 2, 17, 'Обычно Вы удовлетворены своей судьбой.'),
(38, 2, 18, 'Вы считаете, что всегда нужно вовремя поставить точку.'),
(39, 2, 19, 'В Вашей жизни есть люди, привязанность к которым может очень повлиять на Ваше решение и даже изменить его.'),
(40, 2, 20, 'Когда Вас обижают, Вы стремитесь во чтобы то ни стало доказать обидчику, что он поступил несправедливо.'),
(41, 2, 21, 'Часто Вы так переживаете, что это мешает Вам говорить.'),
(42, 2, 22, 'Вам часто кажется, что обстоятельства, в которых Вы оказались, отличаются особой несправедливостью.'),
(43, 2, 23, 'Иногда Вам кажется, что Вы вдруг сделали что-то скверное или даже очень плохое.'),
(44, 2, 24, 'Будущее представляется Вам довольно беспросветным.'),
(45, 2, 25, 'Большинство людей способны добиваться выгоды не совсем честным путём.'),
(46, 2, 26, 'Будущее слишком расплывчато, чтобы строить серьёзные планы.'),
(47, 2, 27, 'Мало кому в жизни пришлось испытать то, что пережили недавно Вы.'),
(48, 2, 28, 'Вы склонны так остро переживать неприятности, что не можете выкинуть мысли об этом из головы.'),
(49, 2, 29, 'Часто Вы действуете необдуманно, повинуясь первому порыву.'),
(50, 3, 1, 'Продвижение по службе больше зависит от удачного стечения обстоятельств, чем от личных способностей и усилий '),
(51, 3, 2, 'Большинство разводов происходит из-за того, что люди не захотели приспособиться друг к другу '),
(52, 3, 3, 'Болезнь — дело случая; если уж суждено заболеть, то ничего не поделаешь '),
(53, 3, 4, 'Люди оказываются одинокими из-за того, что сами не проявляют интереса и дружелюбия к окружающим '),
(54, 3, 5, 'Осуществление моих желаний часто зависит от везения '),
(55, 3, 6, 'Бесполезно прилагать усилия для того, чтобы завоевать симпатию других людей '),
(56, 3, 7, 'Внешние обстоятельства, родители и благосостояние влияют на семейное счастье не меньше, чем отношения супругов '),
(57, 3, 8, 'Я часто чувствую, что мало влияю на то, что происходит со мной '),
(58, 3, 9, 'Как правило, руководство оказывается более эффективным, когда полностью контролирует действия подчиненных, а не полагается на их самостоятельность '),
(59, 3, 10, 'Мои отметки в школе больше зависели от случайных обстоятельств (например, от настроения учителя), чем от моих собственных усилий '),
(60, 3, 11, 'Когда я строю планы, то, в общем, верю, что смогу осуществить их '),
(61, 3, 12, 'То, что многим людям кажется удачей или везением, на самом деле является результатом долгих целенаправленных усилий '),
(62, 3, 13, 'Думаю, что правильный образ жизни может больше помочь здоровью, чем врачи и лекарства '),
(63, 3, 14, 'Если люди не подходят друг другу, то, как бы они ни старались, наладить семейную жизнь они все равно не смогут '),
(64, 3, 15, 'То хорошее, что я делаю, обычно бывает по достоинству оценено другими '),
(65, 3, 16, 'Дети вырастают такими, какими их воспитывают родители '),
(66, 3, 17, 'Думаю, что случай или судьба не играют важной роли в моей жизни '),
(67, 3, 18, 'Я стараюсь не планировать далеко вперед, потому что многое зависит от того, как сложатся обстоятельства '),
(68, 3, 19, 'Мои отметки в школе больше всего зависели от моих усилий и степени подготовленности '),
(69, 3, 20, 'В семейных конфликтах я чаще чувствую вину за собой, чем за противоположной стороной '),
(70, 3, 21, 'Жизнь людей зависит от стечения обстоятельств '),
(71, 3, 22, 'Я предпочитаю такое руководство, при котором можно самостоятельно определять, что и как делать '),
(72, 3, 23, 'Думаю, что мой образ жизни ни в коей мере не является причиной моих болезней '),
(73, 3, 24, 'Как правило, именно неудачное стечение обстоятельств мешает людям добиться успеха в своем деле '),
(74, 3, 25, 'В конце концов, за плохое управление организацией ответственны сами люди, которые в ней работают '),
(75, 3, 26, 'Я часто чувствую, что ничего не могу изменить в сложившихся отношениях в семье '),
(76, 3, 27, 'Если очень захочу, я смогу расположить к себе любого '),
(77, 3, 28, 'На подрастающее поколение влияет так много разных обстоятельств, что усилия родителей по их воспитанию часто оказываются бесполезными '),
(78, 3, 29, 'То, что со мной случается, — дело моих рук '),
(79, 3, 30, 'Трудно бывает понять, почему руководители поступают так, а не иначе '),
(80, 3, 31, 'Человек, который не смог добиться успеха в своей работе, скорее всего, не проявил достаточно усилий '),
(81, 3, 32, 'Чаще всего я могу добиться от членов моей семьи того, чего я хочу '),
(82, 3, 33, 'В неприятностях и неудачах, происходивших в моей жизни, чаще были виноваты другие люди, чем я сам '),
(83, 3, 34, 'Ребенка всегда можно уберечь от простуды, если за ним следить и правильно его одевать '),
(84, 3, 35, 'В сложных обстоятельствах я предпочитаю подождать, пока проблемы разрешатся сами собой '),
(85, 3, 36, 'Успех является результатом упорной работы и мало зависит от случая или везения '),
(86, 3, 37, 'Я чувствую, что от меня больше, чем от кого бы то ни было, зависит счастье моей семьи '),
(87, 3, 38, 'Мне всегда было трудно понять, почему я нравлюсь одним людям и не нравлюсь другим '),
(88, 3, 39, 'Я всегда предпочитаю принять решение и действовать самостоятельно, а не надеяться на помощь других людей или на судьбу '),
(89, 3, 40, 'К сожалению, заслуги человека часто остаются непризнанными, несмотря на все его старания '),
(90, 3, 41, 'В семейной жизни бывают ситуации, которые невозможно разрешить даже при самом сильном желании '),
(91, 3, 42, 'Способные люди, не сумевшие реализовать свои возможности, должны винить в этом только самих себя '),
(92, 3, 43, 'Многие мои успехи были возможны только благодаря помощи других людей '),
(93, 3, 44, 'Большинство неудач в моей жизни произошло от незнания или лени и мало зависели от везения или невезения '),
(94, 4, 1, 'Временами я не могу справиться с желанием причинить вред другим'),
(95, 4, 2, 'Иногда сплетничаю о людях, которых не люблю'),
(96, 4, 3, 'Я легко раздражаюсь, но быстро успокаиваюсь'),
(97, 4, 4, 'Если меня не попросят по-хорошему, я не выполню'),
(98, 4, 5, 'Я не всегда получаю то, что мне положено'),
(99, 4, 6, 'Я не знаю, что люди говорят обо мне за моей спиной'),
(100, 4, 7, 'Если я не одобряю поведение друзей, я даю им это почувствовать'),
(101, 4, 8, 'Когда мне случалось обмануть кого-нибудь, я испытывал мучительные угрызения совести'),
(102, 4, 9, 'Мне кажется, что я не способен ударить человека'),
(103, 4, 10, 'Я никогда не раздражаюсь настолько, чтобы кидаться предметами'),
(104, 4, 11, 'Я всегда снисходителен к чужим недостаткам'),
(105, 4, 12, 'Если мне не нравится установленное правило, мне хочется нарушить его'),
(106, 4, 13, 'Другие умеют почти всегда пользоваться благоприятными обстоятельствами'),
(107, 4, 14, 'Я держусь настороженно с людьми, которые относятся ко мне несколько более дружественно, чем я ожидал'),
(108, 4, 15, 'Я часто бываю, не согласен с людьми'),
(109, 4, 16, 'Иногда мне на ум приходят мысли, которых я стыжусь'),
(110, 4, 17, 'Если кто-нибудь первым ударит меня, я не отвечу ему'),
(111, 4, 18, 'Когда я раздражаюсь, я хлопаю дверями'),
(112, 4, 19, 'Я гораздо более раздражителен, чем кажется'),
(113, 4, 20, 'Если кто-то воображает себя начальником, я всегда поступаю ему наперекор'),
(114, 4, 21, 'Меня немного огорчает моя судьба'),
(115, 4, 22, 'Я думаю, что многие люди не любят меня'),
(116, 4, 23, 'Я не могу удержаться от спора, если люди не согласны со мной'),
(117, 4, 24, 'Люди, увиливающие от работы, должны испытывать чувство вины'),
(118, 4, 25, 'Тот, кто оскорбляет меня и мою семью, напрашивается на драку'),
(119, 4, 26, 'Я не способен на грубые шутки'),
(120, 4, 27, 'Меня охватывает ярость, когда надо мной насмехаются'),
(121, 4, 28, 'Когда люди строят из себя начальников, я делаю все, чтобы они не зазнавались'),
(122, 4, 29, 'Почти каждую неделю я вижу кого-нибудь, кто мне не нравится'),
(123, 4, 30, 'Довольно многие люди завидуют мне'),
(124, 4, 31, 'Я требую, чтобы люди уважали меня'),
(125, 4, 32, 'Меня угнетает то, что я мало делаю для своих родителей'),
(126, 4, 33, 'Люди, которые постоянно изводят вас, стоят того, чтобы их '),
(127, 4, 34, 'Я никогда не бываю, мрачен от злости'),
(128, 4, 35, 'Если ко мне относятся хуже, чем я того заслуживаю, я не расстраиваюсь'),
(129, 4, 36, 'Если кто-то выводит меня из себя, я не обращаю внимания'),
(130, 4, 37, 'Хотя я и не показываю этого, меня иногда гложет зависть'),
(131, 4, 38, 'Иногда мне кажется, что надо мной смеются'),
(132, 4, 39, 'Даже если я злюсь, я не прибегаю к '),
(133, 4, 40, 'Мне хочется, чтобы мои грехи были прощены'),
(134, 4, 41, 'Я редко даю сдачи, даже если кто-нибудь ударит меня'),
(135, 4, 42, 'Когда получается не по-моему, я иногда обижаюсь'),
(136, 4, 43, 'Иногда люди раздражают меня одним своим присутствием'),
(137, 4, 44, 'Нет людей, которых бы я по-настоящему ненавидел'),
(138, 4, 45, 'Мой принцип: '),
(139, 4, 46, 'Если кто-нибудь раздражает меня, я готов сказать, что я о нем думаю'),
(140, 4, 47, 'Я делаю много такого, о чем впоследствии жалею'),
(141, 4, 48, 'Если я разозлюсь, я могу ударить кого-нибудь'),
(142, 4, 49, 'С детства я никогда не проявлял вспышек гнева'),
(143, 4, 50, 'Я часто чувствую себя как пороховая бочка, готовая взорваться'),
(144, 4, 51, 'Если бы все знали, что я чувствую, меня бы считали человеком, с которым нелегко работать'),
(145, 4, 52, 'Я всегда думаю о том, какие тайные причины заставляют людей делать что-нибудь приятное для меня'),
(146, 4, 53, 'Когда на меня кричат, я начинаю кричать в ответ'),
(147, 4, 54, 'Неудачи огорчают меня'),
(148, 4, 55, 'Я дерусь не реже и не чаще чем другие'),
(149, 4, 56, 'Я могу вспомнить случаи, когда я был настолько зол, что хватал попавшуюся мне под руку вещь и ломал ее'),
(150, 4, 57, 'Иногда я чувствую, что готов первым начать драку'),
(151, 4, 58, 'Иногда я чувствую, что жизнь поступает со мной несправедливо'),
(152, 4, 59, 'Раньше я думал, что большинство людей говорит правду, но теперь я в это не верю'),
(153, 4, 60, 'Я ругаюсь только со злости'),
(154, 4, 61, 'Когда я поступаю неправильно, меня мучает совесть'),
(155, 4, 62, 'Если для защиты своих прав мне нужно применить физическую силу, я применяю ее'),
(156, 4, 63, 'Иногда я выражаю свой гнев тем, что стучу кулаком по столу'),
(157, 4, 64, 'Я бываю, грубоват по отношению к людям, которые мне не нравятся'),
(158, 4, 65, 'У меня нет врагов, которые бы хотели мне навредить'),
(159, 4, 66, 'Я не умею поставить человека на место, даже если он того заслуживает'),
(160, 4, 67, 'Я часто думаю, что жил неправильно'),
(161, 4, 68, 'Я знаю людей, которые способны довести меня до драки'),
(162, 4, 69, 'Я не огорчаюсь из-за мелочей'),
(163, 4, 70, 'Мне редко приходит в голову, что люди пытаются разозлить или оскорбить меня'),
(164, 4, 71, 'Я часто только угрожаю людям, хотя и не собираюсь приводить угрозы в исполнение'),
(165, 4, 72, 'В последнее время я стал занудой'),
(166, 4, 73, 'В споре я часто повышаю голос'),
(167, 4, 74, 'Я стараюсь обычно скрывать свое плохое отношение к людям'),
(168, 4, 75, 'Я лучше соглашусь с чем-либо, чем стану спорить'),
(169, 5, 1, 'Я легко раздражаюсь, но быстро успокаиваюсь'),
(170, 5, 2, 'В спорах я всегда стараюсь захватить инициативу. '),
(171, 5, 3, 'Мне чаще всего не воздают должное за мои дела. '),
(172, 5, 4, 'Если меня не попросят по-хорошему, я не уступлю. '),
(173, 5, 5, 'Я стараюсь делать все, чтобы избежать напряженности в отношениях. '),
(174, 5, 6, 'Если по отношению ко мне поступают несправедливо, то я про себя накликаю обидчику всякие несчастья. '),
(175, 5, 7, 'Я часто злюсь, когда мне возражают. '),
(176, 5, 8, 'Я думаю, что за моей спиной обо мне говорят плохо. '),
(177, 5, 9, 'Я гораздо более раздражителен, чем кажется. '),
(178, 5, 10, 'Мнение, что нападение – лучшая защита, правильное. '),
(179, 5, 11, 'Обстоятельства почти всегда благоприятнее складываются для других, чем для меня. '),
(180, 5, 12, 'Если мне не нравится установленное правило, я стараюсь его не выполнять. '),
(181, 5, 13, 'Я стараюсь найти такое решение спорного вопроса, которое удовлетворило бы всех. '),
(182, 5, 14, 'Я считаю, что добро эффективнее мести. '),
(183, 5, 15, 'Каждый человек имеет право на свое мнение. '),
(184, 5, 16, 'Я верю в честность намерений большинства людей. '),
(185, 5, 17, 'Меня охватывает ярость, когда надо мной насмехаются. '),
(186, 5, 18, 'В споре я часто перебиваю собеседника, навязывая ему мою точку зрения. '),
(187, 5, 19, 'Я часто обижаюсь на замечания других, даже если и понимаю, что они справедливы. '),
(188, 5, 20, 'Если кто-то корчит из себя важную персону, я всегда поступаю ему наперекор. '),
(189, 5, 21, 'Я предлагаю, как правило, среднюю позицию. '),
(190, 5, 22, 'Я считаю, что лозунг из мультфильма «Зуб за зуб, хвост за хвост» справедлив. '),
(191, 5, 23, 'Если я все обдумал, то я не нуждаюсь в советах других. '),
(192, 5, 24, 'С людьми, которые со мной любезнее, чем я мог ожидать, я держусь настороженно. '),
(193, 5, 25, 'Если кто-то выводит меня из себя, я не обращаю на это внимания. '),
(194, 5, 26, 'Я считаю бестактным не давать высказаться в споре другой стороне. '),
(195, 5, 27, 'Меня обижает отсутствие внимания со стороны окружающих. '),
(196, 5, 28, 'Я не люблю поддаваться в игре даже с детьми. '),
(197, 5, 29, 'В споре я стараюсь найти то, что устроит обе стороны. '),
(198, 5, 30, 'Я уважаю людей, которые не помнят зла. '),
(199, 5, 31, 'Утверждение: «Ум – хорошо, а два – лучше» – справедливо. '),
(200, 5, 32, 'Утверждение: «Не обманешь – не проживешь» тоже справедливо. '),
(201, 5, 33, 'У меня никогда не бывает вспышек гнева. '),
(202, 5, 34, 'Я могу внимательно и до конца выслушать аргументы спорящего со мной. '),
(203, 5, 35, 'Я всегда обижаюсь, если среди награжденных за дело, в котором я участвовал, нет меня. '),
(204, 5, 36, 'Если в очереди кто-то пытается доказать, что он стоит впереди меня, я ему не уступаю. '),
(205, 5, 37, 'Я стараюсь избегать обострения отношений. '),
(206, 5, 38, 'Часто я воображаю те наказания, которые могли бы обрушиться на моих обидчиков. '),
(207, 5, 39, 'Я не считаю, что я глупее других, поэтому их мнение мне не указ'),
(208, 5, 40, 'Я осуждаю недоверчивых людей. '),
(209, 5, 41, 'Я всегда спокойно реагирую на критику, даже если она кажется мне несправедливой. '),
(210, 5, 42, 'Я всегда убежденно отстаиваю свою правоту. '),
(211, 5, 43, 'Я не обижаюсь на шутки друзей, даже если они злые. '),
(212, 5, 44, 'Иногда я предоставляю возможность другим взять на себя ответственность за решение важного для всех вопроса. '),
(213, 5, 45, 'Я стараюсь убедить другого прийти к компромиссу. '),
(214, 5, 46, 'Я верю, что за зло можно отплатить добром, и действую в соответствии с этим. '),
(215, 5, 47, 'Я часто обращаюсь к коллегам, чтобы узнать их мнение. '),
(216, 5, 48, 'Если меня хвалят, значит, этим людям от меня что-то нужно. '),
(217, 5, 49, 'В конфликтной ситуации я хорошо владею собой. '),
(218, 5, 50, 'Мои близкие часто обижаются на меня за то, что в разговоре с ними я им рта не даю раскрыть. '),
(219, 5, 51, 'Меня не трогает, если при похвале за общую работу не упоминается мое имя. '),
(220, 5, 52, 'Ведя переговоры со старшим по должности, я стараюсь ему не возражать. '),
(221, 5, 53, 'В решении любой проблемы я предпочитаю золотую середину. '),
(222, 5, 54, 'У меня отрицательное отношение к мстительным людям. '),
(223, 5, 55, 'Я не думаю, что руководитель должен считаться с мнением подчиненных, ведь отвечать за все ему. '),
(224, 5, 56, 'Я часто боюсь подвохов со стороны других людей. '),
(225, 5, 57, 'Меня не возмущает, когда люди толкают меня на улице или в транспорте. '),
(226, 5, 58, 'Когда я разговариваю с кем-то, меня так и подмывает скорее изложить свое мнение. '),
(227, 5, 59, 'Иногда я чувствую, что жизнь поступает со мной несправедливо. '),
(228, 5, 60, 'Я всегда стараюсь выйти из вагона раньше других. '),
(229, 5, 61, 'Вряд ли можно найти такое решение, которое бы всех удовлетворило. '),
(230, 5, 62, 'Ни одно оскорбление не должно оставаться безнаказанным. '),
(231, 5, 63, 'Я не люблю, когда другие лезут ко мне с советами. '),
(232, 5, 64, 'Я подозреваю, что многие поддерживают со мной знакомство из корысти. '),
(233, 5, 65, 'Я не умею сдерживаться, когда меня незаслуженно упрекают. '),
(234, 5, 66, 'При игре в шахматы или настольный теннис я больше люблю атаковать, чем защищаться. '),
(235, 5, 67, 'У меня вызывают сожаление чрезмерно обидчивые люди. '),
(236, 5, 68, 'Для меня не имеет большого значения, чья точка зрения в споре окажется правильной – моя или чужая. '),
(237, 5, 69, 'Компромисс не всегда является лучшим разрешением спора'),
(238, 5, 70, 'Я не успокаиваюсь до тех пор, пока не отомщу обидчику. '),
(239, 5, 71, 'Я считаю, что лучше посоветоваться с другими, чем принимать решение одному. '),
(240, 5, 72, 'Я сомневаюсь в искренности слов большинства людей. '),
(241, 5, 73, 'Обычно меня трудно вывести из себя. '),
(242, 5, 74, 'Если я вижу недостатки у других, я не стесняюсь их критиковать. '),
(243, 5, 75, 'Я не вижу ничего обидного в том, что мне говорят о моих недостатках. '),
(244, 5, 76, 'Будь я на базаре продавцом, я не стал бы уступать в цене за свой товар. '),
(245, 5, 77, 'Пойти на компромисс – значит показать свою слабость. '),
(246, 5, 78, 'Справедливо ли мнение, что если тебя ударили по одной щеке, то надо подставить и другую?'),
(247, 5, 79, 'Я не чувствую себя ущемленным, если мнение другого оказывается более правильным. '),
(248, 5, 80, 'Я никогда не подозреваю людей в нечестности. ');

-- --------------------------------------------------------

--
-- Структура таблицы `result`
--

CREATE TABLE `result` (
  `id_result` int NOT NULL,
  `id_test` int NOT NULL,
  `id_user` int NOT NULL,
  `result` text CHARACTER SET utf8mb3 COLLATE utf8mb3_general_ci NOT NULL,
  `data_mdy` date DEFAULT NULL,
  `years` int DEFAULT NULL
) ENGINE=InnoDB DEFAULT CHARSET=utf8mb3;

--
-- Дамп данных таблицы `result`
--

INSERT INTO `result` (`id_result`, `id_test`, `id_user`, `result`, `data_mdy`, `years`) VALUES
(30, 1, 34, 'Вам еще не совсем ясно, «чьи» вы: полагаться ли вам больше на собственные оценки или на содержание разных общих правил и поучений. Но вы находитесь на верном пути, вот только не позволяйте себя убедить, будто истина известна лишь другим, она также известна и вам.', NULL, NULL),
(31, 1, 35, 'Вам еще не совсем ясно, «чьи» вы: полагаться ли вам больше на собственные оценки или на содержание разных общих правил и поучений. Но вы находитесь на верном пути, вот только не позволяйте себя убедить, будто истина известна лишь другим, она также известна и вам.', NULL, NULL),
(32, 1, 41, 'Вам еще не совсем ясно, «чьи» вы: полагаться ли вам больше на собственные оценки или на содержание разных общих правил и поучений. Но вы находитесь на верном пути, вот только не позволяйте себя убедить, будто истина известна лишь другим, она также известна и вам.', NULL, NULL),
(33, 1, 42, 'Вам еще не совсем ясно, «чьи» вы: полагаться ли вам больше на собственные оценки или на содержание разных общих правил и поучений. Но вы находитесь на верном пути, вот только не позволяйте себя убедить, будто истина известна лишь другим, она также известна и вам.', '2024-05-14', 2024),
(35, 2, 42, 'Демонстративность сильно выражена (6). Желание привлечь внимание окружающих к своим несчастьям, добиться сочувствия и понимания. Оцениваемое из внешней позиции порой как «шантаж», «истероидное выпячивание трудностей», демонстративное суицидальное поведение переживается изнутри как «крик о помощи». Наиболее суицидоопасно сочетание сэмоциональной ригидностью, когда «диалог с миром» может зайти очень далеко. Аффективность  (6.6). Доминирование эмоций над интеллектуальным контролем в оценке ситуации. Готовность реагировать на психотравмирующую ситуацию непосредственно эмоционально. В крайнем варианте–аффективная блокада интеллекта. Уникальность сильно выражена (6). Восприятие себя, ситуациии, возможно, собственной жизни в целом как явления исключительного, не похожего на другие, и, следовательно, подразумевающего исключительные варианты выхода, в частности, суицид. Тесно связана с феноменом «непроницаемости» для опыта, т.е. с недостаточным умением использовать свой и чужой опыт. Несостоятельность сильно выражена (7.5). Отрицательная концепция собственной личности. Представление освоей несостоятельности, некомпетентности, ненужности, «выключенности» из мира. Данная шкала может быть связана с представлениями о физической, интеллектуальной, моральной и прочей несостоятельностью. Несостоятельность выражает интрапунитивный радикал. Формула внешнего монолога – «Я плох».\" Социальный пессимизм сильно выражена (6). Отрицательная концепция окружающего мира. Восприятие мира как враждебного, несоответствующего представления монормальных или удовлетворительных  для человека отношениях с окружающими. Социальный пессимизм тесно связан с экстрапунитивным стилем каузальной атрибуции. Наблюдается экстрапунитивность по формуле внутреннего монолога – «Вы все недостойны меня».\" Слом культурных барьеров сильно выражена (6.9). Культ самоубийства. Поиск культурных ценностей и нормативов, оправдывающих суицидальное поведение или даже делающих его в какой-томере привлекательным. Заимствование суицидальных моделей поведения из литературы и кино. В крайнем варианте–инверсия ценности смерти и жизни. В отсутствие выраженных пиков по другим шкалам это может говорить только об «экзистенции смерти». Одна извозможных внутренних причин культа смерти – доведенная до патологического максимализма смысловая установка на самодеятельность: «Вершитель собственной судьбы сам определяет конец своего существования».\" Максимализм сильно выражена (6.4). Инфантильный максимализм ценностных установок. Распространение на все сферы жизни содержания локального конфликта в какой-то одной жизненной сфере. Невозможность компенсации. Аффективная фиксация на неудачах.\" Временная перспектива  (6.6). Невозможность конструктивного планирования будущего. Это может быть следствием сильной погруженности в настоящую ситуацию, трансформацией чувства неразрешимости текущей проблемы в глобальный страх неудач и поражений в будущем.\" Антисуицидальный фактор сильно выражена (6.4). Даже при высокой выраженности всех остальных факторов есть фактор, который снимает глобальный суицидальный риск. Это глубокое понимание чувства ответственности за близких, чувство долга. Это представление о греховности самоубийства, антиэстетичностиего, боязнь боли и физических страданий. В определенном смысле это показатель наличного уровня предпосылок для психокоррекционной работы.\".', '2024-05-14', 2024),
(36, 2, 41, 'Демонстративность: 1.2, Аффективность: 2.2, Уникальность: 1.2, Несостоятельность: 1.5, Социальный пессимизм: 1, Слом культурных барьеров: 0, Максимализм; 0, Временная перспектива: 1.1, Антисуицидальный фактор: 0.', NULL, NULL),
(37, 3, 41, 'Общая интернальность: 3 -  Низкий показатель по этой шкале соответствует низкому уровню субъективного контроля: экстернальный контроль, экстернальная личность. Такие люди не видят связи между своими действиями и значимыми для них событиями их жизни, не считают себя способными контролировать их развитие. Они полагают, что большинство событий их жизни является результатом случая или действия других людей. Обобщение различных экспериментальных данных позволяет говорить об экстерналах как о людях с повышенной тревожностью, обеспокоенностью. Их отличает конформность, меньшая терпимость к другим и повышенная агрессивность, меньшая популярность в сравнении с интерналами. В области достижений: 3 -  Низкие показатели по шкале свидетельствуют о том, что человек приписывает свои успехи, достижения и радости внешним обстоятельствам – везению, счастливой судьбе или помощи других людей. В области неудач: 3 -  Низкие показатели свидетельствуют о том, что человек склонен приписывать ответственность за подобные события другим людям или считать их результатом невезения. В семейных отношениях: 5 -  Низкие указывают на то, что субъект считает не себя, а своих партнеров причиной значимых ситуаций, возникающих в его семье. В производственных отношениях: 3 -  Низкие указывают на то, что человек склонен приписывать более важное значение внешним обстоятельствам — руководству, товарищам по работе, везению-невезению. В межличностных отношениях: 5 -  Низкие показатели указывают на то, что человек склонен приписывать более важное значение в этом процессе обстоятельствам, случаю или окружающим его людям. В отношениях здоровья: 4 -  Человек с низкими показателями по этой шкале считает болезнь и здоровье результатом случая и надеется на то, что выздоровление придет в результате действий других людей, прежде всего врачей. ', NULL, NULL),
(38, 3, 40, 'Общая интернальность: 3 -  Низкий показатель по этой шкале соответствует низкому уровню субъективного контроля: экстернальный контроль, экстернальная личность. Такие люди не видят связи между своими действиями и значимыми для них событиями их жизни, не считают себя способными контролировать их развитие. Они полагают, что большинство событий их жизни является результатом случая или действия других людей. Обобщение различных экспериментальных данных позволяет говорить об экстерналах как о людях с повышенной тревожностью, обеспокоенностью. Их отличает конформность, меньшая терпимость к другим и повышенная агрессивность, меньшая популярность в сравнении с интерналами. В области достижений: 3 -  Низкие показатели по шкале свидетельствуют о том, что человек приписывает свои успехи, достижения и радости внешним обстоятельствам – везению, счастливой судьбе или помощи других людей. В области неудач: 3 -  Низкие показатели свидетельствуют о том, что человек склонен приписывать ответственность за подобные события другим людям или считать их результатом невезения. В семейных отношениях: 5 -  Низкие указывают на то, что субъект считает не себя, а своих партнеров причиной значимых ситуаций, возникающих в его семье. В производственных отношениях: 3 -  Низкие указывают на то, что человек склонен приписывать более важное значение внешним обстоятельствам — руководству, товарищам по работе, везению-невезению. В межличностных отношениях: 5 -  Низкие показатели указывают на то, что человек склонен приписывать более важное значение в этом процессе обстоятельствам, случаю или окружающим его людям. В отношениях здоровья: 4 -  Человек с низкими показателями по этой шкале считает болезнь и здоровье результатом случая и надеется на то, что выздоровление придет в результате действий других людей, прежде всего врачей. ', NULL, NULL),
(39, 2, 40, 'Демонстративность выражена слабо (1.2). Желание привлечь внимание окружающих к своим несчастьям, добиться сочувствия и понимания. Оцениваемое из внешней позиции порой как «шантаж», «истероидное выпячивание трудностей», демонстративное суицидальное поведение переживается изнутри как «крик о помощи». Наиболее суицидоопасно сочетание сэмоциональной ригидностью, когда «диалог с миром» может зайти очень далеко. Аффективность сильно выражена (4.4). Доминирование эмоций над интеллектуальным контролем в оценке ситуации. Готовность реагировать на психотравмирующую ситуацию непосредственно эмоционально. В крайнем варианте–аффективная блокада интеллекта. Уникальность выражена средне (2.4). Восприятие себя, ситуациии, возможно, собственной жизни в целом как явления исключительного, не похожего на другие, и, следовательно, подразумевающего исключительные варианты выхода, в частности, суицид. Тесно связана с феноменом «непроницаемости» для опыта, т.е. с недостаточным умением использовать свой и чужой опыт. Несостоятельность выражена средне (3). Отрицательная концепция собственной личности. Представление освоей несостоятельности, некомпетентности, ненужности, «выключенности» из мира. Данная шкала может быть связана с представлениями о физической, интеллектуальной, моральной и прочей несостоятельностью. Несостоятельность выражает интрапунитивный радикал. Формула внешнего монолога – «Я плох».\" Социальный пессимизм выражена слабо (1). Отрицательная концепция окружающего мира. Восприятие мира как враждебного, несоответствующего представления монормальных или удовлетворительных  для человека отношениях с окружающими. Социальный пессимизм тесно связан с экстрапунитивным стилем каузальной атрибуции. Наблюдается экстрапунитивность по формуле внутреннего монолога – «Вы все недостойны меня».\" Слом культурных барьеров не выражена (0). Культ самоубийства. Поиск культурных ценностей и нормативов, оправдывающих суицидальное поведение или даже делающих его в какой-томере привлекательным. Заимствование суицидальных моделей поведения из литературы и кино. В крайнем варианте–инверсия ценности смерти и жизни. В отсутствие выраженных пиков по другим шкалам это может говорить только об «экзистенции смерти». Одна извозможных внутренних причин культа смерти – доведенная до патологического максимализма смысловая установка на самодеятельность: «Вершитель собственной судьбы сам определяет конец своего существования».\" Максимализм выражена средне (3.2). Инфантильный максимализм ценностных установок. Распространение на все сферы жизни содержания локального конфликта в какой-то одной жизненной сфере. Невозможность компенсации. Аффективная фиксация на неудачах.\" Временная перспектива сильно выражена (4.4). Невозможность конструктивного планирования будущего. Это может быть следствием сильной погруженности в настоящую ситуацию, трансформацией чувства неразрешимости текущей проблемы в глобальный страх неудач и поражений в будущем.\" Антисуицидальный фактор выражена средне (3.2). Даже при высокой выраженности всех остальных факторов есть фактор, который снимает глобальный суицидальный риск. Это глубокое понимание чувства ответственности за близких, чувство долга. Это представление о греховности самоубийства, антиэстетичностиего, боязнь боли и физических страданий. В определенном смысле это показатель наличного уровня предпосылок для психокоррекционной работы.\".', '2024-05-09', 2024),
(42, 2, 43, 'Демонстративность выражена средне (2.4). Желание привлечь внимание окружающих к своим несчастьям, добиться сочувствия и понимания. Оцениваемое из внешней позиции порой как «шантаж», «истероидное выпячивание трудностей», демонстративное суицидальное поведение переживается изнутри как «крик о помощи». Наиболее суицидоопасно сочетание сэмоциональной ригидностью, когда «диалог с миром» может зайти очень далеко. Аффективность выражена средне (3.3). Доминирование эмоций над интеллектуальным контролем в оценке ситуации. Готовность реагировать на психотравмирующую ситуацию непосредственно эмоционально. В крайнем варианте–аффективная блокада интеллекта. Уникальность выражена средне (2.4). Восприятие себя, ситуациии, возможно, собственной жизни в целом как явления исключительного, не похожего на другие, и, следовательно, подразумевающего исключительные варианты выхода, в частности, суицид. Тесно связана с феноменом «непроницаемости» для опыта, т.е. с недостаточным умением использовать свой и чужой опыт. Несостоятельность выражена слабо (1.5). Отрицательная концепция собственной личности. Представление освоей несостоятельности, некомпетентности, ненужности, «выключенности» из мира. Данная шкала может быть связана с представлениями о физической, интеллектуальной, моральной и прочей несостоятельностью. Несостоятельность выражает интрапунитивный радикал. Формула внешнего монолога – «Я плох».\" Социальный пессимизм выражена средне (2). Отрицательная концепция окружающего мира. Восприятие мира как враждебного, несоответствующего представления монормальных или удовлетворительных  для человека отношениях с окружающими. Социальный пессимизм тесно связан с экстрапунитивным стилем каузальной атрибуции. Наблюдается экстрапунитивность по формуле внутреннего монолога – «Вы все недостойны меня».\" Слом культурных барьеров не выражена (0). Культ самоубийства. Поиск культурных ценностей и нормативов, оправдывающих суицидальное поведение или даже делающих его в какой-томере привлекательным. Заимствование суицидальных моделей поведения из литературы и кино. В крайнем варианте–инверсия ценности смерти и жизни. В отсутствие выраженных пиков по другим шкалам это может говорить только об «экзистенции смерти». Одна извозможных внутренних причин культа смерти – доведенная до патологического максимализма смысловая установка на самодеятельность: «Вершитель собственной судьбы сам определяет конец своего существования».\" Максимализм не выражена (0). Инфантильный максимализм ценностных установок. Распространение на все сферы жизни содержания локального конфликта в какой-то одной жизненной сфере. Невозможность компенсации. Аффективная фиксация на неудачах.\" Временная перспектива выражена средне (3.3). Невозможность конструктивного планирования будущего. Это может быть следствием сильной погруженности в настоящую ситуацию, трансформацией чувства неразрешимости текущей проблемы в глобальный страх неудач и поражений в будущем.\" Антисуицидальный фактор не выражена (0). Даже при высокой выраженности всех остальных факторов есть фактор, который снимает глобальный суицидальный риск. Это глубокое понимание чувства ответственности за близких, чувство долга. Это представление о греховности самоубийства, антиэстетичностиего, боязнь боли и физических страданий. В определенном смысле это показатель наличного уровня предпосылок для психокоррекционной работы.\".', '2024-05-09', 2024),
(43, 3, 42, 'Общая интернальность: 3 -  Низкий показатель по этой шкале соответствует низкому уровню субъективного контроля: экстернальный контроль, экстернальная личность. Такие люди не видят связи между своими действиями и значимыми для них событиями их жизни, не считают себя способными контролировать их развитие. Они полагают, что большинство событий их жизни является результатом случая или действия других людей. Обобщение различных экспериментальных данных позволяет говорить об экстерналах как о людях с повышенной тревожностью, обеспокоенностью. Их отличает конформность, меньшая терпимость к другим и повышенная агрессивность, меньшая популярность в сравнении с интерналами. В области достижений: 3 -  Низкие показатели по шкале свидетельствуют о том, что человек приписывает свои успехи, достижения и радости внешним обстоятельствам – везению, счастливой судьбе или помощи других людей. В области неудач: 3 -  Низкие показатели свидетельствуют о том, что человек склонен приписывать ответственность за подобные события другим людям или считать их результатом невезения. В семейных отношениях: 5 -  Низкие указывают на то, что субъект считает не себя, а своих партнеров причиной значимых ситуаций, возникающих в его семье. В производственных отношениях: 3 -  Низкие указывают на то, что человек склонен приписывать более важное значение внешним обстоятельствам — руководству, товарищам по работе, везению-невезению. В межличностных отношениях: 5 -  Низкие показатели указывают на то, что человек склонен приписывать более важное значение в этом процессе обстоятельствам, случаю или окружающим его людям. В отношениях здоровья: 4 -  Человек с низкими показателями по этой шкале считает болезнь и здоровье результатом случая и надеется на то, что выздоровление придет в результате действий других людей, прежде всего врачей. ', '2024-05-14', 2024),
(44, 4, 42, 'Враждебность (15) отклонение от нормы. Агрессивность (24) отклонение от нормы', '2024-05-14', 2024),
(45, 4, 43, 'Враждебность (5) отклонение от нормы. Агрессивность (15) отклонение от нормы .....4 4 5 1 2 3 6 2', NULL, NULL),
(46, 5, 43, 'Позитивная агрессивность сильно выражена (20). Поведение, которое помогает человеку добиться желаемой цели, но при этом наносит незначительный дискомфорт другим. К позитивной агрессивности относятся такие качества как: напористость, наступательность, неуступчивость. Эти качества помогают обладателю в достижении цели, но не во всех ситуациях они необходимы. Негативная агрессинвость сильно выражена (20). Поведение человека, которое вызывает психологический дискомфорт у других людей. К негативной агрессивности относятся такие качества, как: мстительность, нетерпимость к мнению других. Обощенный показатель конфликтности сильно выражен (30).. Черта характера, способствующая частоте возникновения конфликта и вступления в них человека. ', NULL, NULL),
(47, 5, 41, 'Позитивная агрессивность выражена слабо (5). Поведение, которое помогает человеку добиться желаемой цели, но при этом наносит незначительный дискомфорт другим. К позитивной агрессивности относятся такие качества как: напористость, наступательность, неуступчивость. Эти качества помогают обладателю в достижении цели, но не во всех ситуациях они необходимы. Негативная агрессинвость выражена средне (10). Поведение человека, которое вызывает психологический дискомфорт у других людей. К негативной агрессивности относятся такие качества, как: мстительность, нетерпимость к мнению других. Обощенный показатель конфликтности выражен средне (17). Черта характера, способствующая частоте возникновения конфликта и вступления в них человека. ', NULL, NULL),
(48, 5, 42, 'Позитивная агрессивность сильно выражена (15). Поведение, которое помогает человеку добиться желаемой цели, но при этом наносит незначительный дискомфорт другим. К позитивной агрессивности относятся такие качества как: напористость, наступательность, неуступчивость. Эти качества помогают обладателю в достижении цели, но не во всех ситуациях они необходимы. Негативная агрессинвость выражена средне (10). Поведение человека, которое вызывает психологический дискомфорт у других людей. К негативной агрессивности относятся такие качества, как: мстительность, нетерпимость к мнению других. Обощенный показатель конфликтности выражен средне (17). Черта характера, способствующая частоте возникновения конфликта и вступления в них человека. ', '2024-05-14', 2024);

-- --------------------------------------------------------

--
-- Структура таблицы `test`
--

CREATE TABLE `test` (
  `id_test` int NOT NULL,
  `name_test` varchar(255) CHARACTER SET utf8mb3 COLLATE utf8mb3_general_ci NOT NULL,
  `description` text CHARACTER SET utf8mb3 COLLATE utf8mb3_general_ci NOT NULL,
  `num_question` int NOT NULL
) ENGINE=InnoDB DEFAULT CHARSET=utf8mb3;

--
-- Дамп данных таблицы `test`
--

INSERT INTO `test` (`id_test`, `name_test`, `description`, `num_question`) VALUES
(1, 'Тест на самостоятельность', 'Тест поможет определить, насколько вы способны принимать ответственные решения.', 20),
(2, 'Суицидальный риск', 'Предназначен для диагностики суицидального риска, выявления уровня сформированности суицидальных намерений с целью предупреждения попыток самоубийства.', 29),
(3, 'Уровень субъективного контроля', 'Предназначен для диагностики степени готовности человека брать на себя ответственность за то, что происходит с ним и вокруг него.', 44),
(4, 'Опросник уровня агрессивности Басса - Дарки ', 'Предназначен для исследования уровня проявления, и основных видов агрессии и враждебности в межличностном взаимодействии дома, в процессе обучения или работы. ', 75),
(5, 'Личностная агрессивность и конфликтность', 'Предназначен для выявления в качестве личностной характеристики склонности субъекта к конфликтности и агрессивности. ', 80);

-- --------------------------------------------------------

--
-- Структура таблицы `users`
--

CREATE TABLE `users` (
  `id_user` int NOT NULL,
  `last_name` varchar(255) CHARACTER SET utf8mb3 COLLATE utf8mb3_general_ci NOT NULL,
  `first_name` varchar(255) CHARACTER SET utf8mb3 COLLATE utf8mb3_general_ci NOT NULL,
  `pathronymic` varchar(255) CHARACTER SET utf8mb3 COLLATE utf8mb3_general_ci NOT NULL,
  `num_group` int DEFAULT NULL,
  `roles` varchar(6) NOT NULL,
  `email` varchar(255) CHARACTER SET utf8mb3 COLLATE utf8mb3_general_ci NOT NULL,
  `pass` varchar(255) CHARACTER SET utf8mb3 COLLATE utf8mb3_general_ci NOT NULL
) ENGINE=InnoDB DEFAULT CHARSET=utf8mb3;

--
-- Дамп данных таблицы `users`
--

INSERT INTO `users` (`id_user`, `last_name`, `first_name`, `pathronymic`, `num_group`, `roles`, `email`, `pass`) VALUES
(1, 'Званцева', 'Виктория', 'Лукьяновна', NULL, 'psycho', 'psycho@email.ru', '698d51a19d8a121ce581499d7b701668'),
(34, 'Уицкий', 'Максим', 'Прокопьевич', 112, 'user', 'maksim28091963@rambler.ru', '698d51a19d8a121ce581499d7b701668'),
(35, 'Гадолин', 'Петр', 'Петрович', 111, 'user', 'nikifor24081992@ya.ru', '698d51a19d8a121ce581499d7b701668'),
(36, 'Ухова', 'Таисия', 'Николаевна', 211, 'user', 'taisiya1978@hotmail.com', '698d51a19d8a121ce581499d7b701668'),
(37, 'Кальченко', 'Клавдия', 'Трофимовна', 331, 'user', 'klavdiya.kalchenko@outlook.com', '698d51a19d8a121ce581499d7b701668'),
(38, 'Яцковская', 'Ника', 'Антоновна', 432, 'user', 'nika04061984@gmail.com', '698d51a19d8a121ce581499d7b701668'),
(39, 'Абоймов', 'Александр', 'Прохорович', 411, 'user', 'aleksandr1964@mail.ru', '698d51a19d8a121ce581499d7b701668'),
(40, 'Ялчевская', 'Валентина', 'Прохор', 422, 'user', 'valentina31@ya.ru', '698d51a19d8a121ce581499d7b701668'),
(41, 'Магазинер', 'Полина', 'Никифоровна', 432, 'user', 'polina1102@yandex.ru', '698d51a19d8a121ce581499d7b701668'),
(42, 'Босов', 'Илья', 'Романович', 111, 'user', 'romanov@mail.ru', '698d51a19d8a121ce581499d7b701668'),
(43, 'ffff', 'ffff', 'ffff', 333, 'user', 'qwe@mail.ru', '698d51a19d8a121ce581499d7b701668'),
(44, 'qqq', 'qqq', 'qqq', 111, 'user', 'qqq@mail.ru', '698d51a19d8a121ce581499d7b701668'),
(45, 'qqq', 'qqq', 'qqq', 122, 'user', 'qqqq@mail.ru', '698d51a19d8a121ce581499d7b701668'),
(46, 'Функ', 'Ксения', 'Сергеевна', 431, 'user', 'fkarmy13@mail.ru', '111'),
(47, 'Антонова', 'Лия', 'Сергеевна', 111, 'user', 'fkarmwy13@mail.ru', '111'),
(48, 'Антонова', 'Лия', 'Сергеевна', 111, 'user', 'fkarmwsy13@mail.ru', '698d51a19d8a121ce581499d7b701668');

--
-- Индексы сохранённых таблиц
--

--
-- Индексы таблицы `answer`
--
ALTER TABLE `answer`
  ADD PRIMARY KEY (`id_answer`),
  ADD KEY `id_question` (`id_question`),
  ADD KEY `id_test` (`id_test`),
  ADD KEY `id_user` (`id_user`);

--
-- Индексы таблицы `question`
--
ALTER TABLE `question`
  ADD PRIMARY KEY (`id_question`),
  ADD KEY `id_test` (`id_test`);

--
-- Индексы таблицы `result`
--
ALTER TABLE `result`
  ADD PRIMARY KEY (`id_result`),
  ADD KEY `id_test` (`id_test`),
  ADD KEY `id_user` (`id_user`);

--
-- Индексы таблицы `test`
--
ALTER TABLE `test`
  ADD PRIMARY KEY (`id_test`);

--
-- Индексы таблицы `users`
--
ALTER TABLE `users`
  ADD PRIMARY KEY (`id_user`);

--
-- AUTO_INCREMENT для сохранённых таблиц
--

--
-- AUTO_INCREMENT для таблицы `answer`
--
ALTER TABLE `answer`
  MODIFY `id_answer` int NOT NULL AUTO_INCREMENT, AUTO_INCREMENT=1624;

--
-- AUTO_INCREMENT для таблицы `question`
--
ALTER TABLE `question`
  MODIFY `id_question` int NOT NULL AUTO_INCREMENT, AUTO_INCREMENT=249;

--
-- AUTO_INCREMENT для таблицы `result`
--
ALTER TABLE `result`
  MODIFY `id_result` int NOT NULL AUTO_INCREMENT, AUTO_INCREMENT=49;

--
-- AUTO_INCREMENT для таблицы `test`
--
ALTER TABLE `test`
  MODIFY `id_test` int NOT NULL AUTO_INCREMENT, AUTO_INCREMENT=6;

--
-- AUTO_INCREMENT для таблицы `users`
--
ALTER TABLE `users`
  MODIFY `id_user` int NOT NULL AUTO_INCREMENT, AUTO_INCREMENT=49;

--
-- Ограничения внешнего ключа сохраненных таблиц
--

--
-- Ограничения внешнего ключа таблицы `answer`
--
ALTER TABLE `answer`
  ADD CONSTRAINT `answer_ibfk_1` FOREIGN KEY (`id_question`) REFERENCES `question` (`id_question`) ON DELETE CASCADE ON UPDATE CASCADE,
  ADD CONSTRAINT `answer_ibfk_2` FOREIGN KEY (`id_test`) REFERENCES `test` (`id_test`) ON DELETE CASCADE ON UPDATE CASCADE,
  ADD CONSTRAINT `answer_ibfk_3` FOREIGN KEY (`id_user`) REFERENCES `users` (`id_user`) ON DELETE CASCADE ON UPDATE CASCADE;

--
-- Ограничения внешнего ключа таблицы `question`
--
ALTER TABLE `question`
  ADD CONSTRAINT `question_ibfk_1` FOREIGN KEY (`id_test`) REFERENCES `test` (`id_test`) ON DELETE CASCADE ON UPDATE CASCADE;

--
-- Ограничения внешнего ключа таблицы `result`
--
ALTER TABLE `result`
  ADD CONSTRAINT `result_ibfk_1` FOREIGN KEY (`id_test`) REFERENCES `test` (`id_test`) ON DELETE CASCADE ON UPDATE CASCADE,
  ADD CONSTRAINT `result_ibfk_2` FOREIGN KEY (`id_user`) REFERENCES `users` (`id_user`) ON DELETE CASCADE ON UPDATE CASCADE;
COMMIT;

/*!40101 SET CHARACTER_SET_CLIENT=@OLD_CHARACTER_SET_CLIENT */;
/*!40101 SET CHARACTER_SET_RESULTS=@OLD_CHARACTER_SET_RESULTS */;
/*!40101 SET COLLATION_CONNECTION=@OLD_COLLATION_CONNECTION */;
